ProductID,Name,Subcategory,Category,Model,Description,StandardCost,Selling_Price,ProductLine,SellStartDate,SellEndDate
680,"HL Road Frame - Black, 58",Road Frames,Components,HL Road Frame,Our lightest and best quality aluminum frame made from the newest alloy; it is welded and heat-treated for strength. Our innovative design results in maximum comfort and performance.,1059.31,1431.50,"R ",30-04-2008,NULL
706,"HL Road Frame - Red, 58",Road Frames,Components,HL Road Frame,Our lightest and best quality aluminum frame made from the newest alloy; it is welded and heat-treated for strength. Our innovative design results in maximum comfort and performance.,1059.31,1431.50,"R ",30-04-2008,NULL
707,"Sport-100 Helmet, Red",Helmets,Accessories,Sport-100,"Universal fit, well-vented, lightweight , snap-on visor.",13.0863,34.99,"S ",31-05-2011,NULL
708,"Sport-100 Helmet, Black",Helmets,Accessories,Sport-100,"Universal fit, well-vented, lightweight , snap-on visor.",13.0863,34.99,"S ",31-05-2011,NULL
709,"Mountain Bike Socks, M",Socks,Clothing,Mountain Bike Socks,Combination of natural and synthetic fibers stays dry and provides just the right cushioning.,3.3963,9.50,"M ",31-05-2011,29-05-2012
710,"Mountain Bike Socks, L",Socks,Clothing,Mountain Bike Socks,Combination of natural and synthetic fibers stays dry and provides just the right cushioning.,3.3963,9.50,"M ",31-05-2011,29-05-2012
711,"Sport-100 Helmet, Blue",Helmets,Accessories,Sport-100,"Universal fit, well-vented, lightweight , snap-on visor.",13.0863,34.99,"S ",31-05-2011,NULL
712,AWC Logo Cap,Caps,Clothing,Cycling Cap,Traditional style with a flip-up brim; one-size fits all.,6.9223,8.99,"S ",31-05-2011,NULL
713,"Long-Sleeve Logo Jersey, S",Jerseys,Clothing,Long-Sleeve Logo Jersey,Unisex long-sleeve AWC logo microfiber cycling jersey,38.4923,49.99,"S ",31-05-2011,NULL
714,"Long-Sleeve Logo Jersey, M",Jerseys,Clothing,Long-Sleeve Logo Jersey,Unisex long-sleeve AWC logo microfiber cycling jersey,38.4923,49.99,"S ",31-05-2011,NULL
715,"Long-Sleeve Logo Jersey, L",Jerseys,Clothing,Long-Sleeve Logo Jersey,Unisex long-sleeve AWC logo microfiber cycling jersey,38.4923,49.99,"S ",31-05-2011,NULL
716,"Long-Sleeve Logo Jersey, XL",Jerseys,Clothing,Long-Sleeve Logo Jersey,Unisex long-sleeve AWC logo microfiber cycling jersey,38.4923,49.99,"S ",31-05-2011,NULL
717,"HL Road Frame - Red, 62",Road Frames,Components,HL Road Frame,Our lightest and best quality aluminum frame made from the newest alloy; it is welded and heat-treated for strength. Our innovative design results in maximum comfort and performance.,868.6342,1431.50,"R ",31-05-2011,NULL
718,"HL Road Frame - Red, 44",Road Frames,Components,HL Road Frame,Our lightest and best quality aluminum frame made from the newest alloy; it is welded and heat-treated for strength. Our innovative design results in maximum comfort and performance.,868.6342,1431.50,"R ",31-05-2011,NULL
719,"HL Road Frame - Red, 48",Road Frames,Components,HL Road Frame,Our lightest and best quality aluminum frame made from the newest alloy; it is welded and heat-treated for strength. Our innovative design results in maximum comfort and performance.,868.6342,1431.50,"R ",31-05-2011,NULL
720,"HL Road Frame - Red, 52",Road Frames,Components,HL Road Frame,Our lightest and best quality aluminum frame made from the newest alloy; it is welded and heat-treated for strength. Our innovative design results in maximum comfort and performance.,868.6342,1431.50,"R ",31-05-2011,NULL
721,"HL Road Frame - Red, 56",Road Frames,Components,HL Road Frame,Our lightest and best quality aluminum frame made from the newest alloy; it is welded and heat-treated for strength. Our innovative design results in maximum comfort and performance.,868.6342,1431.50,"R ",31-05-2011,NULL
722,"LL Road Frame - Black, 58",Road Frames,Components,LL Road Frame,"The LL Frame provides a safe comfortable ride, while offering superior bump absorption in a value-priced aluminum frame.",204.6251,337.22,"R ",31-05-2011,NULL
723,"LL Road Frame - Black, 60",Road Frames,Components,LL Road Frame,"The LL Frame provides a safe comfortable ride, while offering superior bump absorption in a value-priced aluminum frame.",204.6251,337.22,"R ",31-05-2011,NULL
724,"LL Road Frame - Black, 62",Road Frames,Components,LL Road Frame,"The LL Frame provides a safe comfortable ride, while offering superior bump absorption in a value-priced aluminum frame.",204.6251,337.22,"R ",31-05-2011,NULL
725,"LL Road Frame - Red, 44",Road Frames,Components,LL Road Frame,"The LL Frame provides a safe comfortable ride, while offering superior bump absorption in a value-priced aluminum frame.",187.1571,337.22,"R ",31-05-2011,29-05-2013
726,"LL Road Frame - Red, 48",Road Frames,Components,LL Road Frame,"The LL Frame provides a safe comfortable ride, while offering superior bump absorption in a value-priced aluminum frame.",187.1571,337.22,"R ",31-05-2011,29-05-2013
727,"LL Road Frame - Red, 52",Road Frames,Components,LL Road Frame,"The LL Frame provides a safe comfortable ride, while offering superior bump absorption in a value-priced aluminum frame.",187.1571,337.22,"R ",31-05-2011,29-05-2013
728,"LL Road Frame - Red, 58",Road Frames,Components,LL Road Frame,"The LL Frame provides a safe comfortable ride, while offering superior bump absorption in a value-priced aluminum frame.",187.1571,337.22,"R ",31-05-2011,29-05-2013
729,"LL Road Frame - Red, 60",Road Frames,Components,LL Road Frame,"The LL Frame provides a safe comfortable ride, while offering superior bump absorption in a value-priced aluminum frame.",187.1571,337.22,"R ",31-05-2011,29-05-2013
730,"LL Road Frame - Red, 62",Road Frames,Components,LL Road Frame,"The LL Frame provides a safe comfortable ride, while offering superior bump absorption in a value-priced aluminum frame.",187.1571,337.22,"R ",31-05-2011,29-05-2013
731,"ML Road Frame - Red, 44",Road Frames,Components,ML Road Frame,"Made from the same aluminum alloy as our top-of-the line HL frame, the ML features a lightweight down-tube milled to the perfect diameter for optimal strength. Men's version.",352.1394,594.83,"R ",31-05-2011,29-05-2012
732,"ML Road Frame - Red, 48",Road Frames,Components,ML Road Frame,"Made from the same aluminum alloy as our top-of-the line HL frame, the ML features a lightweight down-tube milled to the perfect diameter for optimal strength. Men's version.",352.1394,594.83,"R ",31-05-2011,29-05-2012
733,"ML Road Frame - Red, 52",Road Frames,Components,ML Road Frame,"Made from the same aluminum alloy as our top-of-the line HL frame, the ML features a lightweight down-tube milled to the perfect diameter for optimal strength. Men's version.",352.1394,594.83,"R ",31-05-2011,29-05-2012
734,"ML Road Frame - Red, 58",Road Frames,Components,ML Road Frame,"Made from the same aluminum alloy as our top-of-the line HL frame, the ML features a lightweight down-tube milled to the perfect diameter for optimal strength. Men's version.",352.1394,594.83,"R ",31-05-2011,29-05-2012
735,"ML Road Frame - Red, 60",Road Frames,Components,ML Road Frame,"Made from the same aluminum alloy as our top-of-the line HL frame, the ML features a lightweight down-tube milled to the perfect diameter for optimal strength. Men's version.",352.1394,594.83,"R ",31-05-2011,29-05-2012
736,"LL Road Frame - Black, 44",Road Frames,Components,LL Road Frame,"The LL Frame provides a safe comfortable ride, while offering superior bump absorption in a value-priced aluminum frame.",204.6251,337.22,"R ",31-05-2011,NULL
737,"LL Road Frame - Black, 48",Road Frames,Components,LL Road Frame,"The LL Frame provides a safe comfortable ride, while offering superior bump absorption in a value-priced aluminum frame.",204.6251,337.22,"R ",31-05-2011,NULL
738,"LL Road Frame - Black, 52",Road Frames,Components,LL Road Frame,"The LL Frame provides a safe comfortable ride, while offering superior bump absorption in a value-priced aluminum frame.",204.6251,337.22,"R ",31-05-2011,NULL
739,"HL Mountain Frame - Silver, 42",Mountain Frames,Components,HL Mountain Frame,Each frame is hand-crafted in our Bothell facility to the optimum diameter and wall-thickness required of a premium mountain frame. The heat-treated welded aluminum frame has a larger diameter tube that absorbs the bumps.,747.2002,1364.50,"M ",31-05-2011,NULL
740,"HL Mountain Frame - Silver, 44",Mountain Frames,Components,HL Mountain Frame,Each frame is hand-crafted in our Bothell facility to the optimum diameter and wall-thickness required of a premium mountain frame. The heat-treated welded aluminum frame has a larger diameter tube that absorbs the bumps.,706.811,1364.50,"M ",31-05-2011,29-05-2012
741,"HL Mountain Frame - Silver, 48",Mountain Frames,Components,HL Mountain Frame,Each frame is hand-crafted in our Bothell facility to the optimum diameter and wall-thickness required of a premium mountain frame. The heat-treated welded aluminum frame has a larger diameter tube that absorbs the bumps.,706.811,1364.50,"M ",31-05-2011,29-05-2012
742,"HL Mountain Frame - Silver, 46",Mountain Frames,Components,HL Mountain Frame,Each frame is hand-crafted in our Bothell facility to the optimum diameter and wall-thickness required of a premium mountain frame. The heat-treated welded aluminum frame has a larger diameter tube that absorbs the bumps.,747.2002,1364.50,"M ",31-05-2011,NULL
743,"HL Mountain Frame - Black, 42",Mountain Frames,Components,HL Mountain Frame,Each frame is hand-crafted in our Bothell facility to the optimum diameter and wall-thickness required of a premium mountain frame. The heat-treated welded aluminum frame has a larger diameter tube that absorbs the bumps.,739.041,1349.60,"M ",31-05-2011,NULL
744,"HL Mountain Frame - Black, 44",Mountain Frames,Components,HL Mountain Frame,Each frame is hand-crafted in our Bothell facility to the optimum diameter and wall-thickness required of a premium mountain frame. The heat-treated welded aluminum frame has a larger diameter tube that absorbs the bumps.,699.0928,1349.60,"M ",31-05-2011,29-05-2012
745,"HL Mountain Frame - Black, 48",Mountain Frames,Components,HL Mountain Frame,Each frame is hand-crafted in our Bothell facility to the optimum diameter and wall-thickness required of a premium mountain frame. The heat-treated welded aluminum frame has a larger diameter tube that absorbs the bumps.,699.0928,1349.60,"M ",31-05-2011,29-05-2012
746,"HL Mountain Frame - Black, 46",Mountain Frames,Components,HL Mountain Frame,Each frame is hand-crafted in our Bothell facility to the optimum diameter and wall-thickness required of a premium mountain frame. The heat-treated welded aluminum frame has a larger diameter tube that absorbs the bumps.,739.041,1349.60,"M ",31-05-2011,NULL
747,"HL Mountain Frame - Black, 38",Mountain Frames,Components,HL Mountain Frame,Each frame is hand-crafted in our Bothell facility to the optimum diameter and wall-thickness required of a premium mountain frame. The heat-treated welded aluminum frame has a larger diameter tube that absorbs the bumps.,739.041,1349.60,"M ",31-05-2011,NULL
748,"HL Mountain Frame - Silver, 38",Mountain Frames,Components,HL Mountain Frame,Each frame is hand-crafted in our Bothell facility to the optimum diameter and wall-thickness required of a premium mountain frame. The heat-treated welded aluminum frame has a larger diameter tube that absorbs the bumps.,747.2002,1364.50,"M ",31-05-2011,NULL
749,"Road-150 Red, 62",Road Bikes,Bikes,Road-150,"This bike is ridden by race winners. Developed with the Adventure Works Cycles professional race team, it has a extremely light heat-treated aluminum frame, and steering that allows precision control.",2171.2942,3578.27,"R ",31-05-2011,29-05-2012
750,"Road-150 Red, 44",Road Bikes,Bikes,Road-150,"This bike is ridden by race winners. Developed with the Adventure Works Cycles professional race team, it has a extremely light heat-treated aluminum frame, and steering that allows precision control.",2171.2942,3578.27,"R ",31-05-2011,29-05-2012
751,"Road-150 Red, 48",Road Bikes,Bikes,Road-150,"This bike is ridden by race winners. Developed with the Adventure Works Cycles professional race team, it has a extremely light heat-treated aluminum frame, and steering that allows precision control.",2171.2942,3578.27,"R ",31-05-2011,29-05-2012
752,"Road-150 Red, 52",Road Bikes,Bikes,Road-150,"This bike is ridden by race winners. Developed with the Adventure Works Cycles professional race team, it has a extremely light heat-treated aluminum frame, and steering that allows precision control.",2171.2942,3578.27,"R ",31-05-2011,29-05-2012
753,"Road-150 Red, 56",Road Bikes,Bikes,Road-150,"This bike is ridden by race winners. Developed with the Adventure Works Cycles professional race team, it has a extremely light heat-treated aluminum frame, and steering that allows precision control.",2171.2942,3578.27,"R ",31-05-2011,29-05-2012
754,"Road-450 Red, 58",Road Bikes,Bikes,Road-450,"A true multi-sport bike that offers streamlined riding and a revolutionary design. Aerodynamic design lets you ride with the pros, and the gearing will conquer hilly roads.",884.7083,1457.99,"R ",31-05-2011,29-05-2012
755,"Road-450 Red, 60",Road Bikes,Bikes,Road-450,"A true multi-sport bike that offers streamlined riding and a revolutionary design. Aerodynamic design lets you ride with the pros, and the gearing will conquer hilly roads.",884.7083,1457.99,"R ",31-05-2011,29-05-2012
756,"Road-450 Red, 44",Road Bikes,Bikes,Road-450,"A true multi-sport bike that offers streamlined riding and a revolutionary design. Aerodynamic design lets you ride with the pros, and the gearing will conquer hilly roads.",884.7083,1457.99,"R ",31-05-2011,29-05-2012
757,"Road-450 Red, 48",Road Bikes,Bikes,Road-450,"A true multi-sport bike that offers streamlined riding and a revolutionary design. Aerodynamic design lets you ride with the pros, and the gearing will conquer hilly roads.",884.7083,1457.99,"R ",31-05-2011,29-05-2012
758,"Road-450 Red, 52",Road Bikes,Bikes,Road-450,"A true multi-sport bike that offers streamlined riding and a revolutionary design. Aerodynamic design lets you ride with the pros, and the gearing will conquer hilly roads.",884.7083,1457.99,"R ",31-05-2011,29-05-2012
759,"Road-650 Red, 58",Road Bikes,Bikes,Road-650,"Value-priced bike with many features of our top-of-the-line models. Has the same light, stiff frame, and the quick acceleration we're famous for.",486.7066,782.99,"R ",31-05-2011,29-05-2013
760,"Road-650 Red, 60",Road Bikes,Bikes,Road-650,"Value-priced bike with many features of our top-of-the-line models. Has the same light, stiff frame, and the quick acceleration we're famous for.",486.7066,782.99,"R ",31-05-2011,29-05-2013
761,"Road-650 Red, 62",Road Bikes,Bikes,Road-650,"Value-priced bike with many features of our top-of-the-line models. Has the same light, stiff frame, and the quick acceleration we're famous for.",486.7066,782.99,"R ",31-05-2011,29-05-2013
762,"Road-650 Red, 44",Road Bikes,Bikes,Road-650,"Value-priced bike with many features of our top-of-the-line models. Has the same light, stiff frame, and the quick acceleration we're famous for.",486.7066,782.99,"R ",31-05-2011,29-05-2013
763,"Road-650 Red, 48",Road Bikes,Bikes,Road-650,"Value-priced bike with many features of our top-of-the-line models. Has the same light, stiff frame, and the quick acceleration we're famous for.",486.7066,782.99,"R ",31-05-2011,29-05-2013
764,"Road-650 Red, 52",Road Bikes,Bikes,Road-650,"Value-priced bike with many features of our top-of-the-line models. Has the same light, stiff frame, and the quick acceleration we're famous for.",486.7066,782.99,"R ",31-05-2011,29-05-2013
765,"Road-650 Black, 58",Road Bikes,Bikes,Road-650,"Value-priced bike with many features of our top-of-the-line models. Has the same light, stiff frame, and the quick acceleration we're famous for.",486.7066,782.99,"R ",31-05-2011,29-05-2013
766,"Road-650 Black, 60",Road Bikes,Bikes,Road-650,"Value-priced bike with many features of our top-of-the-line models. Has the same light, stiff frame, and the quick acceleration we're famous for.",486.7066,782.99,"R ",31-05-2011,29-05-2013
767,"Road-650 Black, 62",Road Bikes,Bikes,Road-650,"Value-priced bike with many features of our top-of-the-line models. Has the same light, stiff frame, and the quick acceleration we're famous for.",486.7066,782.99,"R ",31-05-2011,29-05-2013
768,"Road-650 Black, 44",Road Bikes,Bikes,Road-650,"Value-priced bike with many features of our top-of-the-line models. Has the same light, stiff frame, and the quick acceleration we're famous for.",486.7066,782.99,"R ",31-05-2011,29-05-2013
769,"Road-650 Black, 48",Road Bikes,Bikes,Road-650,"Value-priced bike with many features of our top-of-the-line models. Has the same light, stiff frame, and the quick acceleration we're famous for.",486.7066,782.99,"R ",31-05-2011,29-05-2013
770,"Road-650 Black, 52",Road Bikes,Bikes,Road-650,"Value-priced bike with many features of our top-of-the-line models. Has the same light, stiff frame, and the quick acceleration we're famous for.",486.7066,782.99,"R ",31-05-2011,29-05-2013
771,"Mountain-100 Silver, 38",Mountain Bikes,Bikes,Mountain-100,"Top-of-the-line competition mountain bike. Performance-enhancing options include the innovative HL Frame, super-smooth front suspension, and traction for all terrain.",1912.1544,3399.99,"M ",31-05-2011,29-05-2012
772,"Mountain-100 Silver, 42",Mountain Bikes,Bikes,Mountain-100,"Top-of-the-line competition mountain bike. Performance-enhancing options include the innovative HL Frame, super-smooth front suspension, and traction for all terrain.",1912.1544,3399.99,"M ",31-05-2011,29-05-2012
773,"Mountain-100 Silver, 44",Mountain Bikes,Bikes,Mountain-100,"Top-of-the-line competition mountain bike. Performance-enhancing options include the innovative HL Frame, super-smooth front suspension, and traction for all terrain.",1912.1544,3399.99,"M ",31-05-2011,29-05-2012
774,"Mountain-100 Silver, 48",Mountain Bikes,Bikes,Mountain-100,"Top-of-the-line competition mountain bike. Performance-enhancing options include the innovative HL Frame, super-smooth front suspension, and traction for all terrain.",1912.1544,3399.99,"M ",31-05-2011,29-05-2012
775,"Mountain-100 Black, 38",Mountain Bikes,Bikes,Mountain-100,"Top-of-the-line competition mountain bike. Performance-enhancing options include the innovative HL Frame, super-smooth front suspension, and traction for all terrain.",1898.0944,3374.99,"M ",31-05-2011,29-05-2012
776,"Mountain-100 Black, 42",Mountain Bikes,Bikes,Mountain-100,"Top-of-the-line competition mountain bike. Performance-enhancing options include the innovative HL Frame, super-smooth front suspension, and traction for all terrain.",1898.0944,3374.99,"M ",31-05-2011,29-05-2012
777,"Mountain-100 Black, 44",Mountain Bikes,Bikes,Mountain-100,"Top-of-the-line competition mountain bike. Performance-enhancing options include the innovative HL Frame, super-smooth front suspension, and traction for all terrain.",1898.0944,3374.99,"M ",31-05-2011,29-05-2012
778,"Mountain-100 Black, 48",Mountain Bikes,Bikes,Mountain-100,"Top-of-the-line competition mountain bike. Performance-enhancing options include the innovative HL Frame, super-smooth front suspension, and traction for all terrain.",1898.0944,3374.99,"M ",31-05-2011,29-05-2012
779,"Mountain-200 Silver, 38",Mountain Bikes,Bikes,Mountain-200,Serious back-country riding. Perfect for all levels of competition. Uses the same HL Frame as the Mountain-100.,1265.6195,2319.99,"M ",30-05-2012,NULL
780,"Mountain-200 Silver, 42",Mountain Bikes,Bikes,Mountain-200,Serious back-country riding. Perfect for all levels of competition. Uses the same HL Frame as the Mountain-100.,1265.6195,2319.99,"M ",30-05-2012,NULL
781,"Mountain-200 Silver, 46",Mountain Bikes,Bikes,Mountain-200,Serious back-country riding. Perfect for all levels of competition. Uses the same HL Frame as the Mountain-100.,1265.6195,2319.99,"M ",30-05-2012,NULL
782,"Mountain-200 Black, 38",Mountain Bikes,Bikes,Mountain-200,Serious back-country riding. Perfect for all levels of competition. Uses the same HL Frame as the Mountain-100.,1251.9813,2294.99,"M ",30-05-2012,NULL
783,"Mountain-200 Black, 42",Mountain Bikes,Bikes,Mountain-200,Serious back-country riding. Perfect for all levels of competition. Uses the same HL Frame as the Mountain-100.,1251.9813,2294.99,"M ",30-05-2012,NULL
784,"Mountain-200 Black, 46",Mountain Bikes,Bikes,Mountain-200,Serious back-country riding. Perfect for all levels of competition. Uses the same HL Frame as the Mountain-100.,1251.9813,2294.99,"M ",30-05-2012,NULL
785,"Mountain-300 Black, 38",Mountain Bikes,Bikes,Mountain-300,For true trail addicts.  An extremely durable bike that will go anywhere and keep you in control on challenging terrain - without breaking your budget.,598.4354,1079.99,"M ",30-05-2012,29-05-2013
786,"Mountain-300 Black, 40",Mountain Bikes,Bikes,Mountain-300,For true trail addicts.  An extremely durable bike that will go anywhere and keep you in control on challenging terrain - without breaking your budget.,598.4354,1079.99,"M ",30-05-2012,29-05-2013
787,"Mountain-300 Black, 44",Mountain Bikes,Bikes,Mountain-300,For true trail addicts.  An extremely durable bike that will go anywhere and keep you in control on challenging terrain - without breaking your budget.,598.4354,1079.99,"M ",30-05-2012,29-05-2013
788,"Mountain-300 Black, 48",Mountain Bikes,Bikes,Mountain-300,For true trail addicts.  An extremely durable bike that will go anywhere and keep you in control on challenging terrain - without breaking your budget.,598.4354,1079.99,"M ",30-05-2012,29-05-2013
789,"Road-250 Red, 44",Road Bikes,Bikes,Road-250,"Alluminum-alloy frame provides a light, stiff ride, whether you are racing in the velodrome or on a demanding club ride on country roads.",1518.7864,2443.35,"R ",30-05-2012,29-05-2013
790,"Road-250 Red, 48",Road Bikes,Bikes,Road-250,"Alluminum-alloy frame provides a light, stiff ride, whether you are racing in the velodrome or on a demanding club ride on country roads.",1518.7864,2443.35,"R ",30-05-2012,29-05-2013
791,"Road-250 Red, 52",Road Bikes,Bikes,Road-250,"Alluminum-alloy frame provides a light, stiff ride, whether you are racing in the velodrome or on a demanding club ride on country roads.",1518.7864,2443.35,"R ",30-05-2012,29-05-2013
792,"Road-250 Red, 58",Road Bikes,Bikes,Road-250,"Alluminum-alloy frame provides a light, stiff ride, whether you are racing in the velodrome or on a demanding club ride on country roads.",1554.9479,2443.35,"R ",30-05-2012,NULL
793,"Road-250 Black, 44",Road Bikes,Bikes,Road-250,"Alluminum-alloy frame provides a light, stiff ride, whether you are racing in the velodrome or on a demanding club ride on country roads.",1554.9479,2443.35,"R ",30-05-2012,NULL
794,"Road-250 Black, 48",Road Bikes,Bikes,Road-250,"Alluminum-alloy frame provides a light, stiff ride, whether you are racing in the velodrome or on a demanding club ride on country roads.",1554.9479,2443.35,"R ",30-05-2012,NULL
795,"Road-250 Black, 52",Road Bikes,Bikes,Road-250,"Alluminum-alloy frame provides a light, stiff ride, whether you are racing in the velodrome or on a demanding club ride on country roads.",1554.9479,2443.35,"R ",30-05-2012,NULL
796,"Road-250 Black, 58",Road Bikes,Bikes,Road-250,"Alluminum-alloy frame provides a light, stiff ride, whether you are racing in the velodrome or on a demanding club ride on country roads.",1554.9479,2443.35,"R ",30-05-2012,NULL
797,"Road-550-W Yellow, 38",Road Bikes,Bikes,Road-550-W,"Same technology as all of our Road series bikes, but the frame is sized for a woman.  Perfect all-around bike for road or racing.",713.0798,1120.49,"R ",30-05-2012,NULL
798,"Road-550-W Yellow, 40",Road Bikes,Bikes,Road-550-W,"Same technology as all of our Road series bikes, but the frame is sized for a woman.  Perfect all-around bike for road or racing.",713.0798,1120.49,"R ",30-05-2012,NULL
799,"Road-550-W Yellow, 42",Road Bikes,Bikes,Road-550-W,"Same technology as all of our Road series bikes, but the frame is sized for a woman.  Perfect all-around bike for road or racing.",713.0798,1120.49,"R ",30-05-2012,NULL
800,"Road-550-W Yellow, 44",Road Bikes,Bikes,Road-550-W,"Same technology as all of our Road series bikes, but the frame is sized for a woman.  Perfect all-around bike for road or racing.",713.0798,1120.49,"R ",30-05-2012,NULL
801,"Road-550-W Yellow, 48",Road Bikes,Bikes,Road-550-W,"Same technology as all of our Road series bikes, but the frame is sized for a woman.  Perfect all-around bike for road or racing.",713.0798,1120.49,"R ",30-05-2012,NULL
802,LL Fork,Forks,Components,LL Fork,Stout design absorbs shock and offers more precise steering.,65.8097,148.22,NULL,30-05-2012,29-05-2013
803,ML Fork,Forks,Components,ML Fork,Composite road fork with an aluminum steerer tube.,77.9176,175.49,NULL,30-05-2012,29-05-2013
804,HL Fork,Forks,Components,HL Fork,High-performance carbon road fork with curved legs.,101.8936,229.49,NULL,30-05-2012,29-05-2013
805,LL Headset,Headsets,Components,LL Headset,Threadless headset provides quality at an economical price.,15.1848,34.20,NULL,30-05-2012,29-05-2013
806,ML Headset,Headsets,Components,ML Headset,Sealed cartridge keeps dirt out.,45.4168,102.29,NULL,30-05-2012,29-05-2013
807,HL Headset,Headsets,Components,HL Headset,"High-quality 1"" threadless headset with a grease port for quick lubrication.",55.3801,124.73,NULL,30-05-2012,29-05-2013
808,LL Mountain Handlebars,Handlebars,Components,LL Mountain Handlebars,All-purpose bar for on or off-road.,19.7758,44.54,"M ",30-05-2012,NULL
809,ML Mountain Handlebars,Handlebars,Components,ML Mountain Handlebars,Tough aluminum alloy bars for downhill.,27.4925,61.92,"M ",30-05-2012,NULL
810,HL Mountain Handlebars,Handlebars,Components,HL Mountain Handlebars,Flat bar strong enough for the pro circuit.,53.3999,120.27,"M ",30-05-2012,NULL
811,LL Road Handlebars,Handlebars,Components,LL Road Handlebars,Unique shape provides easier reach to the levers.,19.7758,44.54,"R ",30-05-2012,NULL
812,ML Road Handlebars,Handlebars,Components,ML Road Handlebars,Anatomically shaped aluminum tube bar will suit all riders.,27.4925,61.92,"R ",30-05-2012,NULL
813,HL Road Handlebars,Handlebars,Components,HL Road Handlebars,Designed for racers; high-end anatomically shaped bar from aluminum alloy.,53.3999,120.27,"R ",30-05-2012,NULL
814,"ML Mountain Frame - Black, 38",Mountain Frames,Components,ML Mountain Frame-W,The ML frame is a heat-treated aluminum frame made with the same detail and quality as our HL frame. It offers superior performance. Men's version.,185.8193,348.76,"M ",30-05-2012,29-05-2013
815,LL Mountain Front Wheel,Wheels,Components,LL Mountain Front Wheel,Replacement mountain wheel for entry-level rider.,26.9708,60.745,"M ",30-05-2012,29-05-2013
816,ML Mountain Front Wheel,Wheels,Components,ML Mountain Front Wheel,Replacement mountain wheel for the casual to serious rider.,92.8071,209.025,"M ",30-05-2012,29-05-2013
817,HL Mountain Front Wheel,Wheels,Components,HL Mountain Front Wheel,High-performance mountain replacement wheel.,133.2955,300.215,"M ",30-05-2012,29-05-2013
818,LL Road Front Wheel,Wheels,Components,LL Road Front Wheel,Replacement road front wheel for entry-level cyclist.,37.9909,85.565,"R ",30-05-2012,29-05-2013
819,ML Road Front Wheel,Wheels,Components,ML Road Front Wheel,Sturdy alloy features a quick-release hub.,110.2829,248.385,"R ",30-05-2012,29-05-2013
820,HL Road Front Wheel,Wheels,Components,HL Road Front Wheel,Strong wheel with double-walled rim.,146.5466,330.06,"R ",30-05-2012,29-05-2013
821,Touring Front Wheel,Wheels,Components,Touring Front Wheel,Aerodynamic rims for smooth riding.,96.7964,218.01,"T ",30-05-2012,29-05-2013
822,"ML Road Frame-W - Yellow, 38",Road Frames,Components,ML Road Frame-W,"Made from the same aluminum alloy as our top-of-the line HL frame, the ML features a lightweight down-tube milled to the perfect diameter for optimal strength. Women's version.",360.9428,594.83,"R ",30-05-2012,NULL
823,LL Mountain Rear Wheel,Wheels,Components,LL Mountain Rear Wheel,Replacement mountain wheel for entry-level rider.,38.9588,87.745,"M ",30-05-2012,29-05-2013
824,ML Mountain Rear Wheel,Wheels,Components,ML Mountain Rear Wheel,Replacement mountain wheel for the casual to serious rider.,104.7951,236.025,"M ",30-05-2012,29-05-2013
825,HL Mountain Rear Wheel,Wheels,Components,HL Mountain Rear Wheel,High-performance mountain replacement wheel.,145.2835,327.215,"M ",30-05-2012,29-05-2013
826,LL Road Rear Wheel,Wheels,Components,LL Road Rear Wheel,Replacement road rear wheel for entry-level cyclist.,49.9789,112.565,"R ",30-05-2012,29-05-2013
827,ML Road Rear Wheel,Wheels,Components,ML Road Rear Wheel,Aluminum alloy rim with stainless steel spokes; built for speed.,122.2709,275.385,"R ",30-05-2012,29-05-2013
828,HL Road Rear Wheel,Wheels,Components,HL Road Rear Wheel,Strong rear wheel with double-walled rim.,158.5346,357.06,"R ",30-05-2012,29-05-2013
829,Touring Rear Wheel,Wheels,Components,Touring Rear Wheel,Excellent aerodynamic rims guarantee a smooth ride.,108.7844,245.01,"T ",30-05-2012,29-05-2013
830,"ML Mountain Frame - Black, 40",Mountain Frames,Components,ML Mountain Frame,The ML frame is a heat-treated aluminum frame made with the same detail and quality as our HL frame. It offers superior performance. Women's version.,185.8193,348.76,"M ",30-05-2012,29-05-2013
831,"ML Mountain Frame - Black, 44",Mountain Frames,Components,ML Mountain Frame,The ML frame is a heat-treated aluminum frame made with the same detail and quality as our HL frame. It offers superior performance. Women's version.,185.8193,348.76,"M ",30-05-2012,29-05-2013
832,"ML Mountain Frame - Black, 48",Mountain Frames,Components,ML Mountain Frame,The ML frame is a heat-treated aluminum frame made with the same detail and quality as our HL frame. It offers superior performance. Women's version.,185.8193,348.76,"M ",30-05-2012,29-05-2013
833,"ML Road Frame-W - Yellow, 40",Road Frames,Components,ML Road Frame-W,"Made from the same aluminum alloy as our top-of-the line HL frame, the ML features a lightweight down-tube milled to the perfect diameter for optimal strength. Women's version.",360.9428,594.83,"R ",30-05-2012,NULL
834,"ML Road Frame-W - Yellow, 42",Road Frames,Components,ML Road Frame-W,"Made from the same aluminum alloy as our top-of-the line HL frame, the ML features a lightweight down-tube milled to the perfect diameter for optimal strength. Women's version.",360.9428,594.83,"R ",30-05-2012,NULL
835,"ML Road Frame-W - Yellow, 44",Road Frames,Components,ML Road Frame-W,"Made from the same aluminum alloy as our top-of-the line HL frame, the ML features a lightweight down-tube milled to the perfect diameter for optimal strength. Women's version.",360.9428,594.83,"R ",30-05-2012,NULL
836,"ML Road Frame-W - Yellow, 48",Road Frames,Components,ML Road Frame-W,"Made from the same aluminum alloy as our top-of-the line HL frame, the ML features a lightweight down-tube milled to the perfect diameter for optimal strength. Women's version.",360.9428,594.83,"R ",30-05-2012,NULL
837,"HL Road Frame - Black, 62",Road Frames,Components,HL Road Frame,Our lightest and best quality aluminum frame made from the newest alloy; it is welded and heat-treated for strength. Our innovative design results in maximum comfort and performance.,868.6342,1431.50,"R ",30-05-2012,NULL
838,"HL Road Frame - Black, 44",Road Frames,Components,HL Road Frame,Our lightest and best quality aluminum frame made from the newest alloy; it is welded and heat-treated for strength. Our innovative design results in maximum comfort and performance.,868.6342,1431.50,"R ",30-05-2012,NULL
839,"HL Road Frame - Black, 48",Road Frames,Components,HL Road Frame,Our lightest and best quality aluminum frame made from the newest alloy; it is welded and heat-treated for strength. Our innovative design results in maximum comfort and performance.,868.6342,1431.50,"R ",30-05-2012,NULL
840,"HL Road Frame - Black, 52",Road Frames,Components,HL Road Frame,Our lightest and best quality aluminum frame made from the newest alloy; it is welded and heat-treated for strength. Our innovative design results in maximum comfort and performance.,868.6342,1431.50,"R ",30-05-2012,NULL
841,"Men's Sports Shorts, S",Shorts,Clothing,Men's Sports Shorts,Men's 8-panel racing shorts - lycra with an elastic waistband and leg grippers.,24.7459,59.99,"S ",30-05-2012,29-05-2013
842,"Touring-Panniers, Large",Panniers,Accessories,Touring-Panniers,"Durable, water-proof nylon construction with easy access. Large enough for weekend trips.",51.5625,125.00,"T ",30-05-2012,29-05-2013
843,Cable Lock,Locks,Accessories,Cable Lock,"Wraps to fit front and rear tires, carrier and 2 keys included.",10.3125,25.00,"S ",30-05-2012,29-05-2013
844,Minipump,Pumps,Accessories,Minipump,Designed for convenience. Fits in your pocket. Aluminum barrel. 160psi rated.,8.2459,19.99,"S ",30-05-2012,29-05-2013
845,Mountain Pump,Pumps,Accessories,Mountain Pump,Simple and light-weight. Emergency patches stored in handle.,10.3084,24.99,"M ",30-05-2012,29-05-2013
846,Taillights - Battery-Powered,Lights,Accessories,Taillight,Affordable light for safe night riding - uses 3 AAA batteries,5.7709,13.99,"R ",30-05-2012,29-05-2013
847,Headlights - Dual-Beam,Lights,Accessories,Headlights - Dual-Beam,Rechargeable dual-beam headlight.,14.4334,34.99,"R ",30-05-2012,29-05-2013
848,Headlights - Weatherproof,Lights,Accessories,Headlights - Weatherproof,Rugged weatherproof headlight.,18.5584,44.99,"R ",30-05-2012,29-05-2013
849,"Men's Sports Shorts, M",Shorts,Clothing,Men's Sports Shorts,Men's 8-panel racing shorts - lycra with an elastic waistband and leg grippers.,24.7459,59.99,"S ",30-05-2012,29-05-2013
850,"Men's Sports Shorts, L",Shorts,Clothing,Men's Sports Shorts,Men's 8-panel racing shorts - lycra with an elastic waistband and leg grippers.,24.7459,59.99,"S ",30-05-2012,29-05-2013
851,"Men's Sports Shorts, XL",Shorts,Clothing,Men's Sports Shorts,Men's 8-panel racing shorts - lycra with an elastic waistband and leg grippers.,24.7459,59.99,"S ",30-05-2012,29-05-2013
852,"Women's Tights, S",Tights,Clothing,Women's Tights,Warm spandex tights for winter riding; seamless chamois construction eliminates pressure points.,30.9334,74.99,"S ",30-05-2012,29-05-2013
853,"Women's Tights, M",Tights,Clothing,Women's Tights,Warm spandex tights for winter riding; seamless chamois construction eliminates pressure points.,30.9334,74.99,"S ",30-05-2012,29-05-2013
854,"Women's Tights, L",Tights,Clothing,Women's Tights,Warm spandex tights for winter riding; seamless chamois construction eliminates pressure points.,30.9334,74.99,"S ",30-05-2012,29-05-2013
855,"Men's Bib-Shorts, S",Bib-Shorts,Clothing,Men's Bib-Shorts,"Designed for the AWC team with stay-put straps, moisture-control, chamois padding, and leg grippers.",37.1209,89.99,"S ",30-05-2012,29-05-2013
856,"Men's Bib-Shorts, M",Bib-Shorts,Clothing,Men's Bib-Shorts,"Designed for the AWC team with stay-put straps, moisture-control, chamois padding, and leg grippers.",37.1209,89.99,"S ",30-05-2012,29-05-2013
857,"Men's Bib-Shorts, L",Bib-Shorts,Clothing,Men's Bib-Shorts,"Designed for the AWC team with stay-put straps, moisture-control, chamois padding, and leg grippers.",37.1209,89.99,"S ",30-05-2012,29-05-2013
858,"Half-Finger Gloves, S",Gloves,Clothing,Half-Finger Gloves,"Full padding, improved finger flex, durable palm, adjustable closure.",9.1593,24.49,"S ",30-05-2012,NULL
859,"Half-Finger Gloves, M",Gloves,Clothing,Half-Finger Gloves,"Full padding, improved finger flex, durable palm, adjustable closure.",9.1593,24.49,"S ",30-05-2012,NULL
860,"Half-Finger Gloves, L",Gloves,Clothing,Half-Finger Gloves,"Full padding, improved finger flex, durable palm, adjustable closure.",9.1593,24.49,"S ",30-05-2012,NULL
861,"Full-Finger Gloves, S",Gloves,Clothing,Full-Finger Gloves,"Synthetic palm, flexible knuckles, breathable mesh upper. Worn by the AWC team riders.",15.6709,37.99,"M ",30-05-2012,29-05-2013
862,"Full-Finger Gloves, M",Gloves,Clothing,Full-Finger Gloves,"Synthetic palm, flexible knuckles, breathable mesh upper. Worn by the AWC team riders.",15.6709,37.99,"M ",30-05-2012,29-05-2013
863,"Full-Finger Gloves, L",Gloves,Clothing,Full-Finger Gloves,"Synthetic palm, flexible knuckles, breathable mesh upper. Worn by the AWC team riders.",15.6709,37.99,"M ",30-05-2012,29-05-2013
864,"Classic Vest, S",Vests,Clothing,Classic Vest,"Light-weight, wind-resistant, packs to fit into a pocket.",23.749,63.50,"S ",30-05-2013,NULL
865,"Classic Vest, M",Vests,Clothing,Classic Vest,"Light-weight, wind-resistant, packs to fit into a pocket.",23.749,63.50,"S ",30-05-2013,NULL
866,"Classic Vest, L",Vests,Clothing,Classic Vest,"Light-weight, wind-resistant, packs to fit into a pocket.",23.749,63.50,"S ",30-05-2013,NULL
867,"Women's Mountain Shorts, S",Shorts,Clothing,Women's Mountain Shorts,"Heavy duty, abrasion-resistant shorts feature seamless, lycra inner shorts with anti-bacterial chamois for comfort.",26.1763,69.99,"M ",30-05-2013,NULL
868,"Women's Mountain Shorts, M",Shorts,Clothing,Women's Mountain Shorts,"Heavy duty, abrasion-resistant shorts feature seamless, lycra inner shorts with anti-bacterial chamois for comfort.",26.1763,69.99,"M ",30-05-2013,NULL
869,"Women's Mountain Shorts, L",Shorts,Clothing,Women's Mountain Shorts,"Heavy duty, abrasion-resistant shorts feature seamless, lycra inner shorts with anti-bacterial chamois for comfort.",26.1763,69.99,"M ",30-05-2013,NULL
870,Water Bottle - 30 oz.,Bottles and Cages,Accessories,Water Bottle,AWC logo water bottle - holds 30 oz; leak-proof.,1.8663,4.99,"S ",30-05-2013,NULL
871,Mountain Bottle Cage,Bottles and Cages,Accessories,Mountain Bottle Cage,Tough aluminum cage holds bottle securly on tough terrain.,3.7363,9.99,"M ",30-05-2013,NULL
872,Road Bottle Cage,Bottles and Cages,Accessories,Road Bottle Cage,Aluminum cage is lighter than our mountain version; perfect for long distance trips.,3.3623,8.99,"R ",30-05-2013,NULL
873,Patch Kit/8 Patches,Tires and Tubes,Accessories,Patch kit,"Includes 8 different size patches, glue and sandpaper.",0.8565,2.29,"S ",30-05-2013,NULL
874,"Racing Socks, M",Socks,Clothing,Racing Socks,"Thin, lightweight and durable with cuffs that stay up.",3.3623,8.99,"R ",30-05-2013,NULL
875,"Racing Socks, L",Socks,Clothing,Racing Socks,"Thin, lightweight and durable with cuffs that stay up.",3.3623,8.99,"R ",30-05-2013,NULL
876,Hitch Rack - 4-Bike,Bike Racks,Accessories,Hitch Rack - 4-Bike,"Carries 4 bikes securely; steel construction, fits 2"" receiver hitch.",44.88,120.00,"S ",30-05-2013,NULL
877,Bike Wash - Dissolver,Cleaners,Accessories,Bike Wash,"Washes off the toughest road grime; dissolves grease, environmentally safe. 1-liter bottle.",2.9733,7.95,"S ",30-05-2013,NULL
878,Fender Set - Mountain,Fenders,Accessories,Fender Set - Mountain,Clip-on fenders fit most mountain bikes.,8.2205,21.98,"M ",30-05-2013,NULL
879,All-Purpose Bike Stand,Bike Stands,Accessories,All-Purpose Bike Stand,Perfect all-purpose bike stand for working on your bike at home. Quick-adjusting clamps and steel construction.,59.466,159.00,"M ",30-05-2013,NULL
880,Hydration Pack - 70 oz.,Hydration Packs,Accessories,Hydration Pack,"Versatile 70 oz hydration pack offers extra storage, easy-fill access, and a waist belt.",20.5663,54.99,"S ",30-05-2013,NULL
881,"Short-Sleeve Classic Jersey, S",Jerseys,Clothing,Short-Sleeve Classic Jersey,"Short sleeve classic breathable jersey with superior moisture control, front zipper, and 3 back pockets.",41.5723,53.99,"S ",30-05-2013,NULL
882,"Short-Sleeve Classic Jersey, M",Jerseys,Clothing,Short-Sleeve Classic Jersey,"Short sleeve classic breathable jersey with superior moisture control, front zipper, and 3 back pockets.",41.5723,53.99,"S ",30-05-2013,NULL
883,"Short-Sleeve Classic Jersey, L",Jerseys,Clothing,Short-Sleeve Classic Jersey,"Short sleeve classic breathable jersey with superior moisture control, front zipper, and 3 back pockets.",41.5723,53.99,"S ",30-05-2013,NULL
884,"Short-Sleeve Classic Jersey, XL",Jerseys,Clothing,Short-Sleeve Classic Jersey,"Short sleeve classic breathable jersey with superior moisture control, front zipper, and 3 back pockets.",41.5723,53.99,"S ",30-05-2013,NULL
885,"HL Touring Frame - Yellow, 60",Touring Frames,Components,HL Touring Frame,The HL aluminum frame is custom-shaped for both good looks and strength; it will withstand the most rigorous challenges of daily riding. Men's version.,601.7437,1003.91,"T ",30-05-2013,NULL
886,"LL Touring Frame - Yellow, 62",Touring Frames,Components,LL Touring Frame,Lightweight butted aluminum frame provides a more upright riding position for a trip around town.  Our ground-breaking design provides optimum comfort.,199.8519,333.42,"T ",30-05-2013,NULL
887,"HL Touring Frame - Yellow, 46",Touring Frames,Components,HL Touring Frame,The HL aluminum frame is custom-shaped for both good looks and strength; it will withstand the most rigorous challenges of daily riding. Men's version.,601.7437,1003.91,"T ",30-05-2013,NULL
888,"HL Touring Frame - Yellow, 50",Touring Frames,Components,HL Touring Frame,The HL aluminum frame is custom-shaped for both good looks and strength; it will withstand the most rigorous challenges of daily riding. Men's version.,601.7437,1003.91,"T ",30-05-2013,NULL
889,"HL Touring Frame - Yellow, 54",Touring Frames,Components,HL Touring Frame,The HL aluminum frame is custom-shaped for both good looks and strength; it will withstand the most rigorous challenges of daily riding. Men's version.,601.7437,1003.91,"T ",30-05-2013,NULL
890,"HL Touring Frame - Blue, 46",Touring Frames,Components,HL Touring Frame,The HL aluminum frame is custom-shaped for both good looks and strength; it will withstand the most rigorous challenges of daily riding. Men's version.,601.7437,1003.91,"T ",30-05-2013,NULL
891,"HL Touring Frame - Blue, 50",Touring Frames,Components,HL Touring Frame,The HL aluminum frame is custom-shaped for both good looks and strength; it will withstand the most rigorous challenges of daily riding. Men's version.,601.7437,1003.91,"T ",30-05-2013,NULL
892,"HL Touring Frame - Blue, 54",Touring Frames,Components,HL Touring Frame,The HL aluminum frame is custom-shaped for both good looks and strength; it will withstand the most rigorous challenges of daily riding. Men's version.,601.7437,1003.91,"T ",30-05-2013,NULL
893,"HL Touring Frame - Blue, 60",Touring Frames,Components,HL Touring Frame,The HL aluminum frame is custom-shaped for both good looks and strength; it will withstand the most rigorous challenges of daily riding. Men's version.,601.7437,1003.91,"T ",30-05-2013,NULL
894,Rear Derailleur,Derailleurs,Components,Rear Derailleur,Wide-link design.,53.9282,121.46,NULL,30-05-2013,NULL
895,"LL Touring Frame - Blue, 50",Touring Frames,Components,LL Touring Frame,Lightweight butted aluminum frame provides a more upright riding position for a trip around town.  Our ground-breaking design provides optimum comfort.,199.8519,333.42,"T ",30-05-2013,NULL
896,"LL Touring Frame - Blue, 54",Touring Frames,Components,LL Touring Frame,Lightweight butted aluminum frame provides a more upright riding position for a trip around town.  Our ground-breaking design provides optimum comfort.,199.8519,333.42,"T ",30-05-2013,NULL
897,"LL Touring Frame - Blue, 58",Touring Frames,Components,LL Touring Frame,Lightweight butted aluminum frame provides a more upright riding position for a trip around town.  Our ground-breaking design provides optimum comfort.,199.8519,333.42,"T ",30-05-2013,NULL
898,"LL Touring Frame - Blue, 62",Touring Frames,Components,LL Touring Frame,Lightweight butted aluminum frame provides a more upright riding position for a trip around town.  Our ground-breaking design provides optimum comfort.,199.8519,333.42,"T ",30-05-2013,NULL
899,"LL Touring Frame - Yellow, 44",Touring Frames,Components,LL Touring Frame,Lightweight butted aluminum frame provides a more upright riding position for a trip around town.  Our ground-breaking design provides optimum comfort.,199.8519,333.42,"T ",30-05-2013,NULL
900,"LL Touring Frame - Yellow, 50",Touring Frames,Components,LL Touring Frame,Lightweight butted aluminum frame provides a more upright riding position for a trip around town.  Our ground-breaking design provides optimum comfort.,199.8519,333.42,"T ",30-05-2013,NULL
901,"LL Touring Frame - Yellow, 54",Touring Frames,Components,LL Touring Frame,Lightweight butted aluminum frame provides a more upright riding position for a trip around town.  Our ground-breaking design provides optimum comfort.,199.8519,333.42,"T ",30-05-2013,NULL
902,"LL Touring Frame - Yellow, 58",Touring Frames,Components,LL Touring Frame,Lightweight butted aluminum frame provides a more upright riding position for a trip around town.  Our ground-breaking design provides optimum comfort.,199.8519,333.42,"T ",30-05-2013,NULL
903,"LL Touring Frame - Blue, 44",Touring Frames,Components,LL Touring Frame,Lightweight butted aluminum frame provides a more upright riding position for a trip around town.  Our ground-breaking design provides optimum comfort.,199.8519,333.42,"T ",30-05-2013,NULL
904,"ML Mountain Frame-W - Silver, 40",Mountain Frames,Components,ML Mountain Frame-W,The ML frame is a heat-treated aluminum frame made with the same detail and quality as our HL frame. It offers superior performance. Men's version.,199.3757,364.09,"M ",30-05-2013,NULL
905,"ML Mountain Frame-W - Silver, 42",Mountain Frames,Components,ML Mountain Frame-W,The ML frame is a heat-treated aluminum frame made with the same detail and quality as our HL frame. It offers superior performance. Men's version.,199.3757,364.09,"M ",30-05-2013,NULL
906,"ML Mountain Frame-W - Silver, 46",Mountain Frames,Components,ML Mountain Frame-W,The ML frame is a heat-treated aluminum frame made with the same detail and quality as our HL frame. It offers superior performance. Men's version.,199.3757,364.09,"M ",30-05-2013,NULL
908,LL Mountain Seat/Saddle,Saddles,Components,LL Mountain Seat/Saddle 2,Synthetic leather. Features gel for increased comfort.,12.0413,27.12,"M ",30-05-2013,NULL
909,ML Mountain Seat/Saddle,Saddles,Components,ML Mountain Seat/Saddle 2,Designed to absorb shock.,17.3782,39.14,"M ",30-05-2013,NULL
910,HL Mountain Seat/Saddle,Saddles,Components,HL Mountain Seat/Saddle 2,Anatomic design for a full-day of riding in comfort. Durable leather.,23.3722,52.64,"M ",30-05-2013,NULL
911,LL Road Seat/Saddle,Saddles,Components,LL Road Seat/Saddle 1,Lightweight foam-padded saddle.,12.0413,27.12,"R ",30-05-2013,NULL
912,ML Road Seat/Saddle,Saddles,Components,ML Road Seat/Saddle 2,Rubber bumpers absorb bumps.,17.3782,39.14,"T ",30-05-2013,NULL
913,HL Road Seat/Saddle,Saddles,Components,HL Road Seat/Saddle 2,Lightweight kevlar racing saddle. Leather.,23.3722,52.64,"R ",30-05-2013,NULL
914,LL Touring Seat/Saddle,Saddles,Components,LL Touring Seat/Saddle,"Comfortable, ergonomically shaped gel saddle.",12.0413,27.12,"T ",30-05-2013,NULL
915,ML Touring Seat/Saddle,Saddles,Components,ML Touring Seat/Saddle,New design relieves pressure for long rides.,17.3782,39.14,"T ",30-05-2013,NULL
916,HL Touring Seat/Saddle,Saddles,Components,HL Touring Seat/Saddle,Cut-out shell for a more comfortable ride.,23.3722,52.64,"T ",30-05-2013,NULL
917,"LL Mountain Frame - Silver, 42",Mountain Frames,Components,LL Mountain Frame,"Our best value utilizing the same, ground-breaking frame technology as the ML aluminum frame.",144.5938,264.05,"M ",30-05-2013,NULL
918,"LL Mountain Frame - Silver, 44",Mountain Frames,Components,LL Mountain Frame,"Our best value utilizing the same, ground-breaking frame technology as the ML aluminum frame.",144.5938,264.05,"M ",30-05-2013,NULL
919,"LL Mountain Frame - Silver, 48",Mountain Frames,Components,LL Mountain Frame,"Our best value utilizing the same, ground-breaking frame technology as the ML aluminum frame.",144.5938,264.05,"M ",30-05-2013,NULL
920,"LL Mountain Frame - Silver, 52",Mountain Frames,Components,LL Mountain Frame,"Our best value utilizing the same, ground-breaking frame technology as the ML aluminum frame.",144.5938,264.05,"M ",30-05-2013,NULL
921,Mountain Tire Tube,Tires and Tubes,Accessories,Mountain Tire Tube,Self-sealing tube.,1.8663,4.99,"M ",30-05-2013,NULL
922,Road Tire Tube,Tires and Tubes,Accessories,Road Tire Tube,Conventional all-purpose tube.,1.4923,3.99,"R ",30-05-2013,NULL
923,Touring Tire Tube,Tires and Tubes,Accessories,Touring Tire Tube,General purpose tube.,1.8663,4.99,"T ",30-05-2013,NULL
924,"LL Mountain Frame - Black, 42",Mountain Frames,Components,LL Mountain Frame,"Our best value utilizing the same, ground-breaking frame technology as the ML aluminum frame.",136.785,249.79,"M ",30-05-2013,NULL
925,"LL Mountain Frame - Black, 44",Mountain Frames,Components,LL Mountain Frame,"Our best value utilizing the same, ground-breaking frame technology as the ML aluminum frame.",136.785,249.79,"M ",30-05-2013,NULL
926,"LL Mountain Frame - Black, 48",Mountain Frames,Components,LL Mountain Frame,"Our best value utilizing the same, ground-breaking frame technology as the ML aluminum frame.",136.785,249.79,"M ",30-05-2013,NULL
927,"LL Mountain Frame - Black, 52",Mountain Frames,Components,LL Mountain Frame,"Our best value utilizing the same, ground-breaking frame technology as the ML aluminum frame.",136.785,249.79,"M ",30-05-2013,NULL
928,LL Mountain Tire,Tires and Tubes,Accessories,LL Mountain Tire,"Comparible traction, less expensive wire bead casing.",9.3463,24.99,"M ",30-05-2013,NULL
929,ML Mountain Tire,Tires and Tubes,Accessories,ML Mountain Tire,"Great traction, high-density rubber.",11.2163,29.99,"M ",30-05-2013,NULL
930,HL Mountain Tire,Tires and Tubes,Accessories,HL Mountain Tire,"Incredible traction, lightweight carbon reinforced.",13.09,35.00,"M ",30-05-2013,NULL
931,LL Road Tire,Tires and Tubes,Accessories,LL Road Tire,Same great treads as more expensive tire with a less expensive wire bead casing.,8.0373,21.49,"R ",30-05-2013,NULL
932,ML Road Tire,Tires and Tubes,Accessories,ML Road Tire,Higher density rubber.,9.3463,24.99,"R ",30-05-2013,NULL
933,HL Road Tire,Tires and Tubes,Accessories,HL Road Tire,Lightweight carbon reinforced  for an unrivaled ride at an un-compromised weight.,12.1924,32.60,"R ",30-05-2013,NULL
934,Touring Tire,Tires and Tubes,Accessories,Touring Tire,High-density rubber.,10.8423,28.99,"T ",30-05-2013,NULL
935,LL Mountain Pedal,Pedals,Components,LL Mountain Pedal,Expanded platform so you can ride in any shoes; great for all-around riding.,17.9776,40.49,"M ",30-05-2013,NULL
936,ML Mountain Pedal,Pedals,Components,ML Mountain Pedal,"Lightweight, durable, clipless pedal with adjustable tension.",27.568,62.09,"M ",30-05-2013,NULL
937,HL Mountain Pedal,Pedals,Components,HL Mountain Pedal,Stainless steel; designed to shed mud easily.,35.9596,80.99,"M ",30-05-2013,NULL
938,LL Road Pedal,Pedals,Components,LL Road Pedal,Clipless pedals - aluminum.,17.9776,40.49,"R ",30-05-2013,NULL
939,ML Road Pedal,Pedals,Components,ML Road Pedal,Lightweight aluminum alloy construction.,27.568,62.09,"R ",30-05-2013,NULL
940,HL Road Pedal,Pedals,Components,HL Road Pedal,Top-of-the-line clipless pedals with adjustable tension.,35.9596,80.99,"R ",30-05-2013,NULL
941,Touring Pedal,Pedals,Components,Touring Pedal,A stable pedal for all-day riding.,35.9596,80.99,"T ",30-05-2013,NULL
942,"ML Mountain Frame-W - Silver, 38",Mountain Frames,Components,ML Mountain Frame-W,The ML frame is a heat-treated aluminum frame made with the same detail and quality as our HL frame. It offers superior performance. Men's version.,199.3757,364.09,"M ",30-05-2013,NULL
943,"LL Mountain Frame - Black, 40",Mountain Frames,Components,LL Mountain Frame,"Our best value utilizing the same, ground-breaking frame technology as the ML aluminum frame.",136.785,249.79,"M ",30-05-2013,NULL
944,"LL Mountain Frame - Silver, 40",Mountain Frames,Components,LL Mountain Frame,"Our best value utilizing the same, ground-breaking frame technology as the ML aluminum frame.",144.5938,264.05,"M ",30-05-2013,NULL
945,Front Derailleur,Derailleurs,Components,Front Derailleur,Wide-link design.,40.6216,91.49,NULL,30-05-2013,NULL
946,LL Touring Handlebars,Handlebars,Components,LL Touring Handlebars,Unique shape reduces fatigue for entry level riders.,20.464,46.09,"T ",30-05-2013,NULL
947,HL Touring Handlebars,Handlebars,Components,HL Touring Handlebars,A light yet stiff aluminum bar for long distance riding.,40.6571,91.57,"T ",30-05-2013,NULL
948,Front Brakes,Brakes,Components,Front Brakes,All-weather brake pads; provides superior stopping by applying more surface to the rim.,47.286,106.50,NULL,30-05-2013,NULL
949,LL Crankset,Cranksets,Components,LL Crankset,Super rigid spindle.,77.9176,175.49,NULL,30-05-2013,NULL
950,ML Crankset,Cranksets,Components,ML Crankset,High-strength crank arm.,113.8816,256.49,NULL,30-05-2013,NULL
951,HL Crankset,Cranksets,Components,HL Crankset,Triple crankset; alumunim crank arm; flawless shifting.,179.8156,404.99,NULL,30-05-2013,NULL
952,Chain,Chains,Components,Chain,Superior shifting performance.,8.9866,20.24,NULL,30-05-2013,NULL
953,"Touring-2000 Blue, 60",Touring Bikes,Bikes,Touring-2000,"The plush custom saddle keeps you riding all day,  and there's plenty of space to add panniers and bike bags to the newly-redesigned carrier.  This bike has stability when fully-loaded.",755.1508,1214.85,"T ",30-05-2013,NULL
954,"Touring-1000 Yellow, 46",Touring Bikes,Bikes,Touring-1000,Travel in style and comfort. Designed for maximum comfort and safety. Wide gear range takes on all hills. High-tech aluminum alloy construction provides durability without added weight.,1481.9379,2384.07,"T ",30-05-2013,NULL
955,"Touring-1000 Yellow, 50",Touring Bikes,Bikes,Touring-1000,Travel in style and comfort. Designed for maximum comfort and safety. Wide gear range takes on all hills. High-tech aluminum alloy construction provides durability without added weight.,1481.9379,2384.07,"T ",30-05-2013,NULL
956,"Touring-1000 Yellow, 54",Touring Bikes,Bikes,Touring-1000,Travel in style and comfort. Designed for maximum comfort and safety. Wide gear range takes on all hills. High-tech aluminum alloy construction provides durability without added weight.,1481.9379,2384.07,"T ",30-05-2013,NULL
957,"Touring-1000 Yellow, 60",Touring Bikes,Bikes,Touring-1000,Travel in style and comfort. Designed for maximum comfort and safety. Wide gear range takes on all hills. High-tech aluminum alloy construction provides durability without added weight.,1481.9379,2384.07,"T ",30-05-2013,NULL
958,"Touring-3000 Blue, 54",Touring Bikes,Bikes,Touring-3000,"All-occasion value bike with our basic comfort and safety features. Offers wider, more stable tires for a ride around town or weekend trip.",461.4448,742.35,"T ",30-05-2013,NULL
959,"Touring-3000 Blue, 58",Touring Bikes,Bikes,Touring-3000,"All-occasion value bike with our basic comfort and safety features. Offers wider, more stable tires for a ride around town or weekend trip.",461.4448,742.35,"T ",30-05-2013,NULL
960,"Touring-3000 Blue, 62",Touring Bikes,Bikes,Touring-3000,"All-occasion value bike with our basic comfort and safety features. Offers wider, more stable tires for a ride around town or weekend trip.",461.4448,742.35,"T ",30-05-2013,NULL
961,"Touring-3000 Yellow, 44",Touring Bikes,Bikes,Touring-3000,"All-occasion value bike with our basic comfort and safety features. Offers wider, more stable tires for a ride around town or weekend trip.",461.4448,742.35,"T ",30-05-2013,NULL
962,"Touring-3000 Yellow, 50",Touring Bikes,Bikes,Touring-3000,"All-occasion value bike with our basic comfort and safety features. Offers wider, more stable tires for a ride around town or weekend trip.",461.4448,742.35,"T ",30-05-2013,NULL
963,"Touring-3000 Yellow, 54",Touring Bikes,Bikes,Touring-3000,"All-occasion value bike with our basic comfort and safety features. Offers wider, more stable tires for a ride around town or weekend trip.",461.4448,742.35,"T ",30-05-2013,NULL
964,"Touring-3000 Yellow, 58",Touring Bikes,Bikes,Touring-3000,"All-occasion value bike with our basic comfort and safety features. Offers wider, more stable tires for a ride around town or weekend trip.",461.4448,742.35,"T ",30-05-2013,NULL
965,"Touring-3000 Yellow, 62",Touring Bikes,Bikes,Touring-3000,"All-occasion value bike with our basic comfort and safety features. Offers wider, more stable tires for a ride around town or weekend trip.",461.4448,742.35,"T ",30-05-2013,NULL
966,"Touring-1000 Blue, 46",Touring Bikes,Bikes,Touring-1000,Travel in style and comfort. Designed for maximum comfort and safety. Wide gear range takes on all hills. High-tech aluminum alloy construction provides durability without added weight.,1481.9379,2384.07,"T ",30-05-2013,NULL
967,"Touring-1000 Blue, 50",Touring Bikes,Bikes,Touring-1000,Travel in style and comfort. Designed for maximum comfort and safety. Wide gear range takes on all hills. High-tech aluminum alloy construction provides durability without added weight.,1481.9379,2384.07,"T ",30-05-2013,NULL
968,"Touring-1000 Blue, 54",Touring Bikes,Bikes,Touring-1000,Travel in style and comfort. Designed for maximum comfort and safety. Wide gear range takes on all hills. High-tech aluminum alloy construction provides durability without added weight.,1481.9379,2384.07,"T ",30-05-2013,NULL
969,"Touring-1000 Blue, 60",Touring Bikes,Bikes,Touring-1000,Travel in style and comfort. Designed for maximum comfort and safety. Wide gear range takes on all hills. High-tech aluminum alloy construction provides durability without added weight.,1481.9379,2384.07,"T ",30-05-2013,NULL
970,"Touring-2000 Blue, 46",Touring Bikes,Bikes,Touring-2000,"The plush custom saddle keeps you riding all day,  and there's plenty of space to add panniers and bike bags to the newly-redesigned carrier.  This bike has stability when fully-loaded.",755.1508,1214.85,"T ",30-05-2013,NULL
971,"Touring-2000 Blue, 50",Touring Bikes,Bikes,Touring-2000,"The plush custom saddle keeps you riding all day,  and there's plenty of space to add panniers and bike bags to the newly-redesigned carrier.  This bike has stability when fully-loaded.",755.1508,1214.85,"T ",30-05-2013,NULL
972,"Touring-2000 Blue, 54",Touring Bikes,Bikes,Touring-2000,"The plush custom saddle keeps you riding all day,  and there's plenty of space to add panniers and bike bags to the newly-redesigned carrier.  This bike has stability when fully-loaded.",755.1508,1214.85,"T ",30-05-2013,NULL
973,"Road-350-W Yellow, 40",Road Bikes,Bikes,Road-350-W,"Cross-train, race, or just socialize on a sleek, aerodynamic bike designed for a woman.  Advanced seat technology provides comfort all day.",1082.51,1700.99,"R ",30-05-2013,NULL
974,"Road-350-W Yellow, 42",Road Bikes,Bikes,Road-350-W,"Cross-train, race, or just socialize on a sleek, aerodynamic bike designed for a woman.  Advanced seat technology provides comfort all day.",1082.51,1700.99,"R ",30-05-2013,NULL
975,"Road-350-W Yellow, 44",Road Bikes,Bikes,Road-350-W,"Cross-train, race, or just socialize on a sleek, aerodynamic bike designed for a woman.  Advanced seat technology provides comfort all day.",1082.51,1700.99,"R ",30-05-2013,NULL
976,"Road-350-W Yellow, 48",Road Bikes,Bikes,Road-350-W,"Cross-train, race, or just socialize on a sleek, aerodynamic bike designed for a woman.  Advanced seat technology provides comfort all day.",1082.51,1700.99,"R ",30-05-2013,NULL
977,"Road-750 Black, 58",Road Bikes,Bikes,Road-750,Entry level adult bike; offers a comfortable ride cross-country or down the block. Quick-release hubs and rims.,343.6496,539.99,"R ",30-05-2013,NULL
978,"Touring-3000 Blue, 44",Touring Bikes,Bikes,Touring-3000,"All-occasion value bike with our basic comfort and safety features. Offers wider, more stable tires for a ride around town or weekend trip.",461.4448,742.35,"T ",30-05-2013,NULL
979,"Touring-3000 Blue, 50",Touring Bikes,Bikes,Touring-3000,"All-occasion value bike with our basic comfort and safety features. Offers wider, more stable tires for a ride around town or weekend trip.",461.4448,742.35,"T ",30-05-2013,NULL
980,"Mountain-400-W Silver, 38",Mountain Bikes,Bikes,Mountain-400-W,"This bike delivers a high-level of performance on a budget. It is responsive and maneuverable, and offers peace-of-mind when you decide to go off-road.",419.7784,769.49,"M ",30-05-2013,NULL
981,"Mountain-400-W Silver, 40",Mountain Bikes,Bikes,Mountain-400-W,"This bike delivers a high-level of performance on a budget. It is responsive and maneuverable, and offers peace-of-mind when you decide to go off-road.",419.7784,769.49,"M ",30-05-2013,NULL
982,"Mountain-400-W Silver, 42",Mountain Bikes,Bikes,Mountain-400-W,"This bike delivers a high-level of performance on a budget. It is responsive and maneuverable, and offers peace-of-mind when you decide to go off-road.",419.7784,769.49,"M ",30-05-2013,NULL
983,"Mountain-400-W Silver, 46",Mountain Bikes,Bikes,Mountain-400-W,"This bike delivers a high-level of performance on a budget. It is responsive and maneuverable, and offers peace-of-mind when you decide to go off-road.",419.7784,769.49,"M ",30-05-2013,NULL
984,"Mountain-500 Silver, 40",Mountain Bikes,Bikes,Mountain-500,"Suitable for any type of riding, on or off-road. Fits any budget. Smooth-shifting with a comfortable ride.",308.2179,564.99,"M ",30-05-2013,NULL
985,"Mountain-500 Silver, 42",Mountain Bikes,Bikes,Mountain-500,"Suitable for any type of riding, on or off-road. Fits any budget. Smooth-shifting with a comfortable ride.",308.2179,564.99,"M ",30-05-2013,NULL
986,"Mountain-500 Silver, 44",Mountain Bikes,Bikes,Mountain-500,"Suitable for any type of riding, on or off-road. Fits any budget. Smooth-shifting with a comfortable ride.",308.2179,564.99,"M ",30-05-2013,NULL
987,"Mountain-500 Silver, 48",Mountain Bikes,Bikes,Mountain-500,"Suitable for any type of riding, on or off-road. Fits any budget. Smooth-shifting with a comfortable ride.",308.2179,564.99,"M ",30-05-2013,NULL
988,"Mountain-500 Silver, 52",Mountain Bikes,Bikes,Mountain-500,"Suitable for any type of riding, on or off-road. Fits any budget. Smooth-shifting with a comfortable ride.",308.2179,564.99,"M ",30-05-2013,NULL
989,"Mountain-500 Black, 40",Mountain Bikes,Bikes,Mountain-500,"Suitable for any type of riding, on or off-road. Fits any budget. Smooth-shifting with a comfortable ride.",294.5797,539.99,"M ",30-05-2013,NULL
990,"Mountain-500 Black, 42",Mountain Bikes,Bikes,Mountain-500,"Suitable for any type of riding, on or off-road. Fits any budget. Smooth-shifting with a comfortable ride.",294.5797,539.99,"M ",30-05-2013,NULL
991,"Mountain-500 Black, 44",Mountain Bikes,Bikes,Mountain-500,"Suitable for any type of riding, on or off-road. Fits any budget. Smooth-shifting with a comfortable ride.",294.5797,539.99,"M ",30-05-2013,NULL
992,"Mountain-500 Black, 48",Mountain Bikes,Bikes,Mountain-500,"Suitable for any type of riding, on or off-road. Fits any budget. Smooth-shifting with a comfortable ride.",294.5797,539.99,"M ",30-05-2013,NULL
993,"Mountain-500 Black, 52",Mountain Bikes,Bikes,Mountain-500,"Suitable for any type of riding, on or off-road. Fits any budget. Smooth-shifting with a comfortable ride.",294.5797,539.99,"M ",30-05-2013,NULL
994,LL Bottom Bracket,Bottom Brackets,Components,LL Bottom Bracket,Chromoly steel.,23.9716,53.99,NULL,30-05-2013,NULL
995,ML Bottom Bracket,Bottom Brackets,Components,ML Bottom Bracket,Aluminum alloy cups; large diameter spindle.,44.9506,101.24,NULL,30-05-2013,NULL
996,HL Bottom Bracket,Bottom Brackets,Components,HL Bottom Bracket,Aluminum alloy cups and a hollow axle.,53.9416,121.49,NULL,30-05-2013,NULL
997,"Road-750 Black, 44",Road Bikes,Bikes,Road-750,Entry level adult bike; offers a comfortable ride cross-country or down the block. Quick-release hubs and rims.,343.6496,539.99,"R ",30-05-2013,NULL
998,"Road-750 Black, 48",Road Bikes,Bikes,Road-750,Entry level adult bike; offers a comfortable ride cross-country or down the block. Quick-release hubs and rims.,343.6496,539.99,"R ",30-05-2013,NULL
999,"Road-750 Black, 52",Road Bikes,Bikes,Road-750,Entry level adult bike; offers a comfortable ride cross-country or down the block. Quick-release hubs and rims.,343.6496,539.99,"R ",30-05-2013,NULL
